"theoretical_mz","theoretical_percent_intensity","distribution_name"
NA,0,"Br1"
NA,0,"Br1"
NA,0,"Br1"
NA,0,"Br1"
NA,0,"Br1"
NA,0,"Br1"
NA,0,"Br1"
NA,0,"Br1"
NA,0,"Br1"
NA,0,"Br1"
234,100,"Br1"
235.01,13.37,"Br1"
236,96.92,"Br1"
237.01,12.34,"Br1"
238.01,0.58,"Br1"
NA,0,"Br1"
NA,0,"Br1"
NA,0,"Br1"
NA,0,"Br1"
NA,0,"Br1"
NA,0,"Br1"
NA,0,"Br1"
NA,0,"Br1"
NA,0,"Br1"
NA,0,"Br2"
NA,0,"Br2"
NA,0,"Br2"
NA,0,"Br2"
NA,0,"Br2"
NA,0,"Br2"
NA,0,"Br2"
NA,0,"Br2"
311.91,49.95,"Br2"
312.92,7.23,"Br2"
313.91,100,"Br2"
314.92,13.24,"Br2"
315.91,49.8,"Br2"
316.91,6.12,"Br2"
317.92,0.41,"Br2"
NA,0,"Br2"
NA,0,"Br2"
NA,0,"Br2"
NA,0,"Br2"
NA,0,"Br2"
NA,0,"Br2"
NA,0,"Br2"
NA,0,"Br2"
NA,0,"Br2"
NA,0,"Br3"
NA,0,"Br3"
NA,0,"Br3"
NA,0,"Br3"
NA,0,"Br3"
NA,0,"Br3"
NA,0,"Br3"
NA,0,"Br3"
389.83,34.68,"Br3"
390.83,4.92,"Br3"
391.82,100,"Br3"
392.83,12.76,"Br3"
393.82,98.83,"Br3"
394.82,12.76,"Br3"
395.82,32.04,"Br3"
396.82,3.99,"Br3"
397.83,0.27,"Br3"
398.83,0.03,"Br3"
NA,0,"Br3"
NA,0,"Br3"
NA,0,"Br3"
NA,0,"Br3"
NA,0,"Br3"
NA,0,"Br3"
NA,0,"Br4"
NA,0,"Br4"
NA,0,"Br4"
NA,0,"Br4"
NA,0,"Br4"
NA,0,"Br4"
467.74,18.59,"Br4"
468.74,2.3,"Br4"
469.73,67.12,"Br4"
470.74,8.82,"Br4"
471.73,100,"Br4"
472.74,13.06,"Br4"
473.73,67.06,"Br4"
474.73,9.25,"Br4"
475.73,14.05,"Br4"
476.73,1.87,"Br4"
477.73,0.09,"Br4"
NA,0,"Br4"
NA,0,"Br4"
NA,0,"Br4"
NA,0,"Br4"
NA,0,"Br4"
NA,0,"Br4"
NA,0,"Br4"
NA,0,"Br5"
NA,0,"Br5"
NA,0,"Br5"
NA,0,"Br5"
NA,0,"Br5"
NA,0,"Br5"
545.65,10.24,"Br5"
546.65,1.14,"Br5"
547.64,50.55,"Br5"
548.65,5.94,"Br5"
549.64,100,"Br5"
550.65,12.69,"Br5"
551.64,97.97,"Br5"
552.64,11.62,"Br5"
553.64,48.1,"Br5"
554.64,6.65,"Br5"
555.64,9.24,"Br5"
556.64,1.21,"Br5"
557.64,0.14,"Br5"
NA,0,"Br5"
NA,0,"Br5"
NA,0,"Br5"
NA,0,"Br5"
NA,0,"Br5"
NA,0,"Br6"
NA,0,"Br6"
NA,0,"Br6"
NA,0,"Br6"
623.56,4.46,"Br6"
624.56,0.83,"Br6"
625.55,31.58,"Br6"
626.56,4.38,"Br6"
627.55,77.25,"Br6"
628.56,9.59,"Br6"
629.55,100,"Br6"
630.55,12.9,"Br6"
631.55,71.51,"Br6"
632.55,9.59,"Br6"
633.55,27.81,"Br6"
634.55,3.92,"Br6"
635.55,4.99,"Br6"
636.55,0.47,"Br6"
637.55,0.04,"Br6"
NA,0,"Br6"
NA,0,"Br6"
NA,0,"Br6"
NA,0,"Br6"
NA,0,"Br6"
NA,0,"Br7"
NA,0,"Br7"
701.47,2.68,"Br7"
702.47,0.28,"Br7"
703.47,19.92,"Br7"
704.47,2.72,"Br7"
705.46,62.56,"Br7"
706.47,6.94,"Br7"
707.46,98.22,"Br7"
708.46,11.56,"Br7"
709.46,100,"Br7"
710.46,10.59,"Br7"
711.46,58.3,"Br7"
712.46,8.4,"Br7"
713.46,18.38,"Br7"
714.46,1.78,"Br7"
715.45,2.96,"Br7"
716.46,0.41,"Br7"
NA,0,"Br7"
NA,0,"Br7"
NA,0,"Br7"
NA,0,"Br7"
NA,0,"Br7"
NA,0,"Br7"
NA,0,"Br8"
NA,0,"Br8"
779.38,1.42,"Br8"
780.38,0.17,"Br8"
781.38,12.91,"Br8"
782.38,1.22,"Br8"
783.37,42.88,"Br8"
784.38,5.7,"Br8"
785.37,83.86,"Br8"
786.38,9.77,"Br8"
787.37,100,"Br8"
788.37,12.53,"Br8"
789.37,77.91,"Br8"
790.37,10.65,"Br8"
791.37,40.15,"Br8"
792.37,6.08,"Br8"
793.36,10.69,"Br8"
794.37,1.55,"Br8"
795.36,1.47,"Br8"
796.36,0.17,"Br8"
NA,0,"Br8"
NA,0,"Br8"
NA,0,"Br8"
NA,0,"Br8"
NA,0,"Br9"
NA,0,"Br9"
857.29,0.82,"Br9"
858.29,0.09,"Br9"
859.29,8.66,"Br9"
860.29,0.91,"Br9"
861.28,29.55,"Br9"
862.29,3.69,"Br9"
863.28,69.49,"Br9"
864.29,8.98,"Br9"
865.28,100,"Br9"
866.28,12.18,"Br9"
867.28,98.13,"Br9"
868.28,12.04,"Br9"
869.28,66.12,"Br9"
870.28,7.48,"Br9"
871.27,26.81,"Br9"
872.28,3.83,"Br9"
873.27,5.47,"Br9"
874.28,0.64,"Br9"
875.27,1.05,"Br9"
877.28,0.05,"Br9"
NA,0,"Br9"
NA,0,"Br9"
935.2,0.46,"Br10"
936.2,0.09,"Br10"
937.2,4.13,"Br10"
938.2,0.7,"Br10"
939.19,20.23,"Br10"
940.2,2.65,"Br10"
941.19,51.74,"Br10"
942.2,5.99,"Br10"
943.19,87.84,"Br10"
944.19,10.86,"Br10"
945.19,100,"Br10"
946.19,13.36,"Br10"
947.19,80.05,"Br10"
948.19,10.81,"Br10"
949.18,44.59,"Br10"
950.19,6.4,"Br10"
951.18,17.31,"Br10"
952.19,1.86,"Br10"
953.18,4.04,"Br10"
954.18,0.6,"Br10"
955.18,0.28,"Br10"
956.18,0.05,"Br10"
NA,0,"Br10"
NA,0,"Br10"
NA,0,"Cl1"
NA,0,"Cl1"
NA,0,"Cl1"
NA,0,"Cl1"
NA,0,"Cl1"
NA,0,"Cl1"
NA,0,"Cl1"
NA,0,"Cl1"
NA,0,"Cl1"
NA,0,"Cl1"
190.05,100,"Cl1"
191.06,13.16,"Cl1"
192.05,34.55,"Cl1"
193.06,3.92,"Cl1"
194.06,0.17,"Cl1"
NA,0,"Cl1"
NA,0,"Cl1"
NA,0,"Cl1"
NA,0,"Cl1"
NA,0,"Cl1"
NA,0,"Cl1"
NA,0,"Cl1"
NA,0,"Cl1"
NA,0,"Cl1"
NA,0,"Cl2"
NA,0,"Cl2"
NA,0,"Cl2"
NA,0,"Cl2"
NA,0,"Cl2"
NA,0,"Cl2"
NA,0,"Cl2"
NA,0,"Cl2"
NA,0,"Cl2"
NA,0,"Cl2"
224.02,100,"Cl2"
225.02,12.48,"Cl2"
226.01,63.63,"Cl2"
227.02,8.56,"Cl2"
228.01,9.58,"Cl2"
229.01,1.47,"Cl2"
230.02,0.12,"Cl2"
231.02,0.02,"Cl2"
NA,0,"Cl2"
NA,0,"Cl2"
NA,0,"Cl2"
NA,0,"Cl2"
NA,0,"Cl2"
NA,0,"Cl2"
NA,0,"Cl3"
NA,0,"Cl3"
NA,0,"Cl3"
NA,0,"Cl3"
NA,0,"Cl3"
NA,0,"Cl3"
NA,0,"Cl3"
NA,0,"Cl3"
NA,0,"Cl3"
NA,0,"Cl3"
257.98,100,"Cl3"
258.98,14.11,"Cl3"
259.97,98.6,"Cl3"
260.98,12.13,"Cl3"
261.97,31.05,"Cl3"
262.97,4.67,"Cl3"
263.97,2.93,"Cl3"
264.97,0.21,"Cl3"
265.97,0.08,"Cl3"
NA,0,"Cl3"
NA,0,"Cl3"
NA,0,"Cl3"
NA,0,"Cl3"
NA,0,"Cl3"
NA,0,"Cl4"
NA,0,"Cl4"
NA,0,"Cl4"
NA,0,"Cl4"
NA,0,"Cl4"
NA,0,"Cl4"
NA,0,"Cl4"
NA,0,"Cl4"
291.94,79.84,"Cl4"
292.94,11.22,"Cl4"
293.94,100,"Cl4"
294.94,12.6,"Cl4"
295.93,51.49,"Cl4"
296.94,6.67,"Cl4"
297.93,11.69,"Cl4"
298.93,1.32,"Cl4"
299.93,0.85,"Cl4"
300.93,0.06,"Cl4"
301.93,0.03,"Cl4"
NA,0,"Cl4"
NA,0,"Cl4"
NA,0,"Cl4"
NA,0,"Cl4"
NA,0,"Cl4"
NA,0,"Cl5"
NA,0,"Cl5"
NA,0,"Cl5"
NA,0,"Cl5"
NA,0,"Cl5"
NA,0,"Cl5"
NA,0,"Cl5"
NA,0,"Cl5"
325.9,59.76,"Cl5"
326.9,8.6,"Cl5"
327.9,100,"Cl5"
328.9,13.72,"Cl5"
329.89,65.7,"Cl5"
330.9,8.43,"Cl5"
331.89,19.82,"Cl5"
332.89,3.05,"Cl5"
333.89,2.86,"Cl5"
334.89,0.57,"Cl5"
335.88,0.31,"Cl5"
NA,0,"Cl5"
NA,0,"Cl5"
NA,0,"Cl5"
NA,0,"Cl5"
NA,0,"Cl5"
NA,0,"Cl6"
NA,0,"Cl6"
NA,0,"Cl6"
NA,0,"Cl6"
NA,0,"Cl6"
NA,0,"Cl6"
NA,0,"Cl6"
NA,0,"Cl6"
359.86,52.77,"Cl6"
360.86,7.04,"Cl6"
361.86,100,"Cl6"
362.86,12.74,"Cl6"
363.85,82.14,"Cl6"
364.86,10.06,"Cl6"
365.85,34.56,"Cl6"
366.85,4.34,"Cl6"
367.85,8.21,"Cl6"
368.85,0.97,"Cl6"
369.85,1.42,"Cl6"
370.85,0.16,"Cl6"
371.84,0.06,"Cl6"
NA,0,"Cl6"
NA,0,"Cl6"
NA,0,"Cl6"
NA,0,"Cl7"
NA,0,"Cl7"
NA,0,"Cl7"
NA,0,"Cl7"
NA,0,"Cl7"
NA,0,"Cl7"
NA,0,"Cl7"
NA,0,"Cl7"
393.82,44.13,"Cl7"
394.82,6.53,"Cl7"
395.82,100,"Cl7"
396.82,13.32,"Cl7"
397.82,98.36,"Cl7"
398.82,11.89,"Cl7"
399.81,53.27,"Cl7"
400.82,6.14,"Cl7"
401.81,17.1,"Cl7"
402.81,2.5,"Cl7"
403.81,3.07,"Cl7"
404.81,0.29,"Cl7"
405.8,0.39,"Cl7"
406.82,0.04,"Cl7"
NA,0,"Cl7"
NA,0,"Cl7"
NA,0,"Cl8"
NA,0,"Cl8"
NA,0,"Cl8"
NA,0,"Cl8"
NA,0,"Cl8"
NA,0,"Cl8"
427.78,33.36,"Cl8"
428.79,4.74,"Cl8"
429.78,90.92,"Cl8"
430.78,11.81,"Cl8"
431.78,100,"Cl8"
432.78,13.16,"Cl8"
433.77,64.93,"Cl8"
434.78,8.75,"Cl8"
435.77,25.77,"Cl8"
436.77,3.35,"Cl8"
437.77,5.98,"Cl8"
438.77,0.77,"Cl8"
439.77,0.84,"Cl8"
440.77,0.15,"Cl8"
441.76,0.04,"Cl8"
NA,0,"Cl8"
NA,0,"Cl8"
NA,0,"Cl8"
NA,0,"Cl9"
NA,0,"Cl9"
NA,0,"Cl9"
NA,0,"Cl9"
NA,0,"Cl9"
NA,0,"Cl9"
461.74,26.85,"Cl9"
462.75,3.75,"Cl9"
463.74,79.08,"Cl9"
464.74,10.71,"Cl9"
465.74,100,"Cl9"
466.74,12.35,"Cl9"
467.73,80.84,"Cl9"
468.74,10.21,"Cl9"
469.73,36.79,"Cl9"
470.73,5.62,"Cl9"
471.73,10.94,"Cl9"
472.73,2.18,"Cl9"
473.73,2.52,"Cl9"
474.73,0.11,"Cl9"
475.72,0.46,"Cl9"
NA,0,"Cl9"
NA,0,"Cl9"
NA,0,"Cl9"
NA,0,"Cl10"
NA,0,"Cl10"
NA,0,"Cl10"
NA,0,"Cl10"
NA,0,"Cl10"
NA,0,"Cl10"
495.7,19.82,"Cl10"
496.71,2.88,"Cl10"
497.7,70.8,"Cl10"
498.7,9.23,"Cl10"
499.7,100,"Cl10"
500.7,14.1,"Cl10"
501.7,88.21,"Cl10"
502.7,11.51,"Cl10"
503.69,48.22,"Cl10"
504.7,6.59,"Cl10"
505.69,19.66,"Cl10"
506.69,2.52,"Cl10"
507.69,4,"Cl10"
508.69,0.72,"Cl10"
509.68,0.96,"Cl10"
510.69,0.16,"Cl10"
511.68,0.12,"Cl10"
513.68,0.04,"Cl10"
NA,0,"Br1Cl1"
NA,0,"Br1Cl1"
NA,0,"Br1Cl1"
NA,0,"Br1Cl1"
NA,0,"Br1Cl1"
NA,0,"Br1Cl1"
NA,0,"Br1Cl1"
NA,0,"Br1Cl1"
267.97,76.28,"Br1Cl1"
268.97,10.04,"Br1Cl1"
269.96,100,"Br1Cl1"
270.97,13,"Br1Cl1"
271.96,25.11,"Br1Cl1"
272.96,2.98,"Br1Cl1"
273.97,0.2,"Br1Cl1"
274.97,0.02,"Br1Cl1"
NA,0,"Br1Cl1"
NA,0,"Br1Cl1"
NA,0,"Br1Cl1"
NA,0,"Br1Cl1"
NA,0,"Br1Cl1"
NA,0,"Br1Cl1"
NA,0,"Br1Cl1"
NA,0,"Br1Cl1"
NA,0,"Br1Cl2"
NA,0,"Br1Cl2"
NA,0,"Br1Cl2"
NA,0,"Br1Cl2"
NA,0,"Br1Cl2"
NA,0,"Br1Cl2"
NA,0,"Br1Cl2"
NA,0,"Br1Cl2"
301.93,62.46,"Br1Cl2"
302.93,8.28,"Br1Cl2"
303.92,100,"Br1Cl2"
304.93,12.91,"Br1Cl2"
305.92,45.34,"Br1Cl2"
306.92,5.93,"Br1Cl2"
307.92,6.42,"Br1Cl2"
308.92,0.75,"Br1Cl2"
309.93,0.1,"Br1Cl2"
NA,0,"Br1Cl2"
NA,0,"Br1Cl2"
NA,0,"Br1Cl2"
NA,0,"Br1Cl2"
NA,0,"Br1Cl2"
NA,0,"Br1Cl2"
NA,0,"Br1Cl2"
NA,0,"Br1Cl3"
NA,0,"Br1Cl3"
NA,0,"Br1Cl3"
NA,0,"Br1Cl3"
NA,0,"Br1Cl3"
NA,0,"Br1Cl3"
NA,0,"Br1Cl3"
NA,0,"Br1Cl3"
335.89,49.91,"Br1Cl3"
336.89,6.63,"Br1Cl3"
337.89,100,"Br1Cl3"
338.89,13.38,"Br1Cl3"
339.88,65.58,"Br1Cl3"
340.89,8.01,"Br1Cl3"
341.88,17.23,"Br1Cl3"
342.88,2.19,"Br1Cl3"
343.88,1.16,"Br1Cl3"
344.88,0.24,"Br1Cl3"
NA,0,"Br1Cl3"
NA,0,"Br1Cl3"
NA,0,"Br1Cl3"
NA,0,"Br1Cl3"
NA,0,"Br1Cl3"
NA,0,"Br1Cl3"
NA,0,"Br1Cl4"
NA,0,"Br1Cl4"
NA,0,"Br1Cl4"
NA,0,"Br1Cl4"
NA,0,"Br1Cl4"
NA,0,"Br1Cl4"
NA,0,"Br1Cl4"
NA,0,"Br1Cl4"
369.85,45.71,"Br1Cl4"
370.85,6.38,"Br1Cl4"
371.85,100,"Br1Cl4"
372.85,14.15,"Br1Cl4"
373.84,82.74,"Br1Cl4"
374.85,9.31,"Br1Cl4"
375.84,32.16,"Br1Cl4"
376.84,4.23,"Br1Cl4"
377.84,5.96,"Br1Cl4"
378.84,1,"Br1Cl4"
379.84,0.51,"Br1Cl4"
380.84,0.15,"Br1Cl4"
NA,0,"Br1Cl4"
NA,0,"Br1Cl4"
NA,0,"Br1Cl4"
NA,0,"Br1Cl4"
NA,0,"Br1Cl5"
NA,0,"Br1Cl5"
NA,0,"Br1Cl5"
NA,0,"Br1Cl5"
NA,0,"Br1Cl5"
NA,0,"Br1Cl5"
403.81,37.86,"Br1Cl5"
404.81,4.85,"Br1Cl5"
405.81,98.1,"Br1Cl5"
406.81,12.47,"Br1Cl5"
407.8,100,"Br1Cl5"
408.81,12.31,"Br1Cl5"
409.8,49.08,"Br1Cl5"
410.8,5.8,"Br1Cl5"
411.8,13.56,"Br1Cl5"
412.8,1.76,"Br1Cl5"
413.8,2.71,"Br1Cl5"
414.8,0.31,"Br1Cl5"
415.79,0.14,"Br1Cl5"
416.8,0.03,"Br1Cl5"
NA,0,"Br1Cl5"
NA,0,"Br1Cl5"
NA,0,"Br1Cl5"
NA,0,"Br1Cl5"
NA,0,"Br2Cl1"
NA,0,"Br2Cl1"
NA,0,"Br2Cl1"
NA,0,"Br2Cl1"
NA,0,"Br2Cl1"
NA,0,"Br2Cl1"
NA,0,"Br2Cl1"
NA,0,"Br2Cl1"
345.88,43.98,"Br2Cl1"
346.88,6.08,"Br2Cl1"
347.87,100,"Br2Cl1"
348.88,12.84,"Br2Cl1"
349.87,72.24,"Br2Cl1"
350.87,9.07,"Br2Cl1"
351.87,13.8,"Br2Cl1"
352.87,1.82,"Br2Cl1"
353.88,0.1,"Br2Cl1"
NA,0,"Br2Cl1"
NA,0,"Br2Cl1"
NA,0,"Br2Cl1"
NA,0,"Br2Cl1"
NA,0,"Br2Cl1"
NA,0,"Br2Cl1"
NA,0,"Br2Cl1"
NA,0,"Br2Cl2"
NA,0,"Br2Cl2"
NA,0,"Br2Cl2"
NA,0,"Br2Cl2"
NA,0,"Br2Cl2"
NA,0,"Br2Cl2"
NA,0,"Br2Cl2"
NA,0,"Br2Cl2"
379.84,38.4,"Br2Cl2"
380.84,5.7,"Br2Cl2"
381.83,100,"Br2Cl2"
382.84,13.08,"Br2Cl2"
383.83,85.68,"Br2Cl2"
384.84,11.54,"Br2Cl2"
385.83,32,"Br2Cl2"
386.83,4.25,"Br2Cl2"
387.83,3.9,"Br2Cl2"
388.83,0.59,"Br2Cl2"
389.83,0.03,"Br2Cl2"
NA,0,"Br2Cl2"
NA,0,"Br2Cl2"
NA,0,"Br2Cl2"
NA,0,"Br2Cl2"
NA,0,"Br2Cl2"
NA,0,"Br2Cl3"
NA,0,"Br2Cl3"
NA,0,"Br2Cl3"
NA,0,"Br2Cl3"
NA,0,"Br2Cl3"
NA,0,"Br2Cl3"
413.8,32.33,"Br2Cl3"
414.8,4.16,"Br2Cl3"
415.8,92.83,"Br2Cl3"
416.8,11.75,"Br2Cl3"
417.79,100,"Br2Cl3"
418.8,13.84,"Br2Cl3"
419.79,49.8,"Br2Cl3"
420.79,7.07,"Br2Cl3"
421.79,13.06,"Br2Cl3"
422.79,1.51,"Br2Cl3"
423.79,0.75,"Br2Cl3"
424.79,0.1,"Br2Cl3"
425.79,0.03,"Br2Cl3"
NA,0,"Br2Cl3"
NA,0,"Br2Cl3"
NA,0,"Br2Cl3"
NA,0,"Br2Cl3"
NA,0,"Br2Cl3"
NA,0,"Br2Cl4"
NA,0,"Br2Cl4"
NA,0,"Br2Cl4"
NA,0,"Br2Cl4"
NA,0,"Br2Cl4"
NA,0,"Br2Cl4"
447.76,25.09,"Br2Cl4"
448.76,3.52,"Br2Cl4"
449.76,81.05,"Br2Cl4"
450.76,10.67,"Br2Cl4"
451.75,100,"Br2Cl4"
452.76,12.95,"Br2Cl4"
453.75,64.24,"Br2Cl4"
454.75,8.32,"Br2Cl4"
455.75,22.81,"Br2Cl4"
456.75,2.52,"Br2Cl4"
457.75,3.62,"Br2Cl4"
458.75,0.4,"Br2Cl4"
459.74,0.23,"Br2Cl4"
461.75,0.03,"Br2Cl4"
NA,0,"Br2Cl4"
NA,0,"Br2Cl4"
NA,0,"Br2Cl4"
NA,0,"Br2Cl4"
NA,0,"Br2Cl5"
NA,0,"Br2Cl5"
NA,0,"Br2Cl5"
NA,0,"Br2Cl5"
NA,0,"Br2Cl5"
NA,0,"Br2Cl5"
481.72,19.96,"Br2Cl5"
482.72,2.47,"Br2Cl5"
483.72,68.05,"Br2Cl5"
484.72,9.28,"Br2Cl5"
485.72,100,"Br2Cl5"
486.72,12.69,"Br2Cl5"
487.71,75.07,"Br2Cl5"
488.72,10.88,"Br2Cl5"
489.71,33.55,"Br2Cl5"
490.71,4.55,"Br2Cl5"
491.71,8.62,"Br2Cl5"
492.71,0.9,"Br2Cl5"
493.7,1.43,"Br2Cl5"
494.71,0.1,"Br2Cl5"
495.7,0.14,"Br2Cl5"
NA,0,"Br2Cl5"
NA,0,"Br2Cl5"
NA,0,"Br2Cl5"
NA,0,"Br3Cl1"
NA,0,"Br3Cl1"
NA,0,"Br3Cl1"
NA,0,"Br3Cl1"
NA,0,"Br3Cl1"
NA,0,"Br3Cl1"
423.79,25.5,"Br3Cl1"
424.79,3.22,"Br3Cl1"
425.78,84.74,"Br3Cl1"
426.79,11.17,"Br3Cl1"
427.78,100,"Br3Cl1"
428.79,12.75,"Br3Cl1"
429.78,46.61,"Br3Cl1"
430.78,6.27,"Br3Cl1"
431.78,7.58,"Br3Cl1"
432.78,0.72,"Br3Cl1"
433.78,0.03,"Br3Cl1"
NA,0,"Br3Cl1"
NA,0,"Br3Cl1"
NA,0,"Br3Cl1"
NA,0,"Br3Cl1"
NA,0,"Br3Cl1"
NA,0,"Br3Cl1"
NA,0,"Br3Cl1"
NA,0,"Br3Cl2"
NA,0,"Br3Cl2"
NA,0,"Br3Cl2"
NA,0,"Br3Cl2"
NA,0,"Br3Cl2"
NA,0,"Br3Cl2"
457.75,20.61,"Br3Cl2"
458.75,2.92,"Br3Cl2"
459.75,74.55,"Br3Cl2"
460.75,8.85,"Br3Cl2"
461.74,100,"Br3Cl2"
462.75,13.37,"Br3Cl2"
463.74,62,"Br3Cl2"
464.74,8.22,"Br3Cl2"
465.74,18.92,"Br3Cl2"
466.74,2.35,"Br3Cl2"
467.74,1.76,"Br3Cl2"
468.74,0.19,"Br3Cl2"
469.74,0.03,"Br3Cl2"
NA,0,"Br3Cl2"
NA,0,"Br3Cl2"
NA,0,"Br3Cl2"
NA,0,"Br3Cl2"
NA,0,"Br3Cl2"
NA,0,"Br3Cl3"
NA,0,"Br3Cl3"
NA,0,"Br3Cl3"
NA,0,"Br3Cl3"
NA,0,"Br3Cl3"
NA,0,"Br3Cl3"
491.71,17.07,"Br3Cl3"
492.71,2.38,"Br3Cl3"
493.71,62.66,"Br3Cl3"
494.71,7.03,"Br3Cl3"
495.7,100,"Br3Cl3"
496.71,13.07,"Br3Cl3"
497.7,77.42,"Br3Cl3"
498.7,9.14,"Br3Cl3"
499.7,28.92,"Br3Cl3"
500.7,4.79,"Br3Cl3"
501.7,6.5,"Br3Cl3"
502.7,0.69,"Br3Cl3"
503.69,0.43,"Br3Cl3"
504.7,0.03,"Br3Cl3"
NA,0,"Br3Cl3"
NA,0,"Br3Cl3"
NA,0,"Br3Cl3"
NA,0,"Br3Cl3"
NA,0,"Br3Cl4"
NA,0,"Br3Cl4"
NA,0,"Br3Cl4"
NA,0,"Br3Cl4"
NA,0,"Br3Cl4"
NA,0,"Br3Cl4"
525.67,15.18,"Br3Cl4"
526.67,2.22,"Br3Cl4"
527.67,55.24,"Br3Cl4"
528.67,7.26,"Br3Cl4"
529.66,100,"Br3Cl4"
530.67,13.11,"Br3Cl4"
531.66,91.63,"Br3Cl4"
532.67,11.66,"Br3Cl4"
533.66,48.72,"Br3Cl4"
534.66,5.96,"Br3Cl4"
535.66,14.22,"Br3Cl4"
536.66,2.3,"Br3Cl4"
537.65,2.18,"Br3Cl4"
538.66,0.3,"Br3Cl4"
539.65,0.26,"Br3Cl4"
NA,0,"Br3Cl4"
NA,0,"Br3Cl4"
NA,0,"Br3Cl4"
NA,0,"Br3Cl5"
NA,0,"Br3Cl5"
NA,0,"Br3Cl5"
NA,0,"Br3Cl5"
559.63,12.31,"Br3Cl5"
560.63,1.55,"Br3Cl5"
561.63,51.33,"Br3Cl5"
562.63,7.65,"Br3Cl5"
563.63,96.93,"Br3Cl5"
564.63,12.39,"Br3Cl5"
565.62,100,"Br3Cl5"
566.63,12.58,"Br3Cl5"
567.62,60.41,"Br3Cl5"
568.62,8.24,"Br3Cl5"
569.62,24.33,"Br3Cl5"
570.62,3.5,"Br3Cl5"
571.62,5.26,"Br3Cl5"
572.62,0.92,"Br3Cl5"
573.61,0.76,"Br3Cl5"
574.63,0.04,"Br3Cl5"
575.61,0.04,"Br3Cl5"
NA,0,"Br3Cl5"
NA,0,"Br3Cl5"
NA,0,"Br3Cl5"
NA,0,"Br4Cl1"
NA,0,"Br4Cl1"
NA,0,"Br4Cl1"
NA,0,"Br4Cl1"
NA,0,"Br4Cl1"
NA,0,"Br4Cl1"
501.7,15.67,"Br4Cl1"
502.7,2.12,"Br4Cl1"
503.69,60.92,"Br4Cl1"
504.7,8.03,"Br4Cl1"
505.69,100,"Br4Cl1"
506.7,13.58,"Br4Cl1"
507.69,80.05,"Br4Cl1"
508.69,10.89,"Br4Cl1"
509.69,32.24,"Br4Cl1"
510.69,4.28,"Br4Cl1"
511.69,3.45,"Br4Cl1"
512.69,0.73,"Br4Cl1"
513.69,0.03,"Br4Cl1"
NA,0,"Br4Cl1"
NA,0,"Br4Cl1"
NA,0,"Br4Cl1"
NA,0,"Br4Cl1"
NA,0,"Br4Cl1"
NA,0,"Br4Cl2"
NA,0,"Br4Cl2"
NA,0,"Br4Cl2"
NA,0,"Br4Cl2"
NA,0,"Br4Cl2"
NA,0,"Br4Cl2"
535.66,11.78,"Br4Cl2"
536.66,1.79,"Br4Cl2"
537.66,54.69,"Br4Cl2"
538.66,6.59,"Br4Cl2"
539.65,100,"Br4Cl2"
540.66,12.11,"Br4Cl2"
541.65,94.52,"Br4Cl2"
542.65,10.71,"Br4Cl2"
543.65,46.24,"Br4Cl2"
544.65,5.62,"Br4Cl2"
545.65,11.28,"Br4Cl2"
546.65,1.61,"Br4Cl2"
547.64,1.15,"Br4Cl2"
548.65,0.07,"Br4Cl2"
NA,0,"Br4Cl2"
NA,0,"Br4Cl2"
NA,0,"Br4Cl2"
NA,0,"Br4Cl2"
NA,0,"Br4Cl3"
NA,0,"Br4Cl3"
NA,0,"Br4Cl3"
NA,0,"Br4Cl3"
569.62,9.69,"Br4Cl3"
570.62,1.27,"Br4Cl3"
571.62,48.48,"Br4Cl3"
572.62,6.18,"Br4Cl3"
573.61,95.83,"Br4Cl3"
574.62,12.58,"Br4Cl3"
575.61,100,"Br4Cl3"
576.62,13.93,"Br4Cl3"
577.61,61.25,"Br4Cl3"
578.61,7.8,"Br4Cl3"
579.61,21.11,"Br4Cl3"
580.61,3.05,"Br4Cl3"
581.61,3.82,"Br4Cl3"
582.61,0.54,"Br4Cl3"
583.6,0.39,"Br4Cl3"
584.61,0.04,"Br4Cl3"
NA,0,"Br4Cl3"
NA,0,"Br4Cl3"
NA,0,"Br4Cl3"
NA,0,"Br4Cl3"
NA,0,"Br4Cl4"
NA,0,"Br4Cl4"
NA,0,"Br4Cl4"
NA,0,"Br4Cl4"
603.58,6.76,"Br4Cl4"
604.58,1.28,"Br4Cl4"
605.58,37.15,"Br4Cl4"
606.58,5.72,"Br4Cl4"
607.58,83.53,"Br4Cl4"
608.58,10.94,"Br4Cl4"
609.57,100,"Br4Cl4"
610.58,13.18,"Br4Cl4"
611.57,71.43,"Br4Cl4"
612.57,8.81,"Br4Cl4"
613.57,32.86,"Br4Cl4"
614.57,3.59,"Br4Cl4"
615.57,8.47,"Br4Cl4"
616.57,1.04,"Br4Cl4"
617.56,1.51,"Br4Cl4"
618.57,0.15,"Br4Cl4"
619.56,0.08,"Br4Cl4"
620.56,0.04,"Br4Cl4"
NA,0,"Br4Cl4"
NA,0,"Br4Cl4"
NA,0,"Br4Cl5"
NA,0,"Br4Cl5"
NA,0,"Br4Cl5"
NA,0,"Br4Cl5"
637.54,6.2,"Br4Cl5"
638.54,0.58,"Br4Cl5"
639.54,28.92,"Br4Cl5"
640.54,4.05,"Br4Cl5"
641.54,73.89,"Br4Cl5"
642.54,9.04,"Br4Cl5"
643.53,100,"Br4Cl5"
644.54,12.47,"Br4Cl5"
645.53,76.73,"Br4Cl5"
646.53,10.44,"Br4Cl5"
647.53,42.32,"Br4Cl5"
648.53,4.33,"Br4Cl5"
649.53,14.65,"Br4Cl5"
650.53,2.3,"Br4Cl5"
651.52,3.12,"Br4Cl5"
652.53,0.19,"Br4Cl5"
653.52,0.43,"Br4Cl5"
654.52,0.04,"Br4Cl5"
NA,0,"Br4Cl5"
NA,0,"Br4Cl5"
NA,0,"Br5Cl1"
NA,0,"Br5Cl1"
NA,0,"Br5Cl1"
NA,0,"Br5Cl1"
579.61,7.15,"Br5Cl1"
580.61,1.08,"Br5Cl1"
581.61,42.78,"Br5Cl1"
582.61,5.17,"Br5Cl1"
583.6,88.11,"Br5Cl1"
584.61,11.24,"Br5Cl1"
585.6,100,"Br5Cl1"
586.6,12.9,"Br5Cl1"
587.6,60.31,"Br5Cl1"
588.6,7.4,"Br5Cl1"
589.6,18.46,"Br5Cl1"
590.6,2.12,"Br5Cl1"
591.6,2.33,"Br5Cl1"
592.6,0.14,"Br5Cl1"
NA,0,"Br5Cl1"
NA,0,"Br5Cl1"
NA,0,"Br5Cl1"
NA,0,"Br5Cl1"
NA,0,"Br5Cl1"
NA,0,"Br5Cl1"
NA,0,"Br5Cl2"
NA,0,"Br5Cl2"
NA,0,"Br5Cl2"
NA,0,"Br5Cl2"
613.57,8.03,"Br5Cl2"
614.57,1,"Br5Cl2"
615.57,34.79,"Br5Cl2"
616.57,4.65,"Br5Cl2"
617.56,82.87,"Br5Cl2"
618.57,10.87,"Br5Cl2"
619.56,100,"Br5Cl2"
620.57,12.67,"Br5Cl2"
621.56,78.03,"Br5Cl2"
622.56,8.79,"Br5Cl2"
623.56,30.07,"Br5Cl2"
624.56,3.8,"Br5Cl2"
625.56,6.64,"Br5Cl2"
626.56,1.08,"Br5Cl2"
627.55,0.65,"Br5Cl2"
628.56,0.04,"Br5Cl2"
629.56,0.04,"Br5Cl2"
NA,0,"Br5Cl2"
NA,0,"Br5Cl2"
NA,0,"Br5Cl2"
NA,0,"Br5Cl3"
NA,0,"Br5Cl3"
NA,0,"Br5Cl3"
NA,0,"Br5Cl3"
647.53,4.72,"Br5Cl3"
648.53,0.7,"Br5Cl3"
649.53,28.35,"Br5Cl3"
650.53,3.4,"Br5Cl3"
651.53,73.64,"Br5Cl3"
652.53,10.58,"Br5Cl3"
653.52,100,"Br5Cl3"
654.53,13.04,"Br5Cl3"
655.52,80.44,"Br5Cl3"
656.52,10.89,"Br5Cl3"
657.52,43.07,"Br5Cl3"
658.52,5.31,"Br5Cl3"
659.52,11.68,"Br5Cl3"
660.52,1.56,"Br5Cl3"
661.51,2.5,"Br5Cl3"
662.52,0.43,"Br5Cl3"
663.51,0.16,"Br5Cl3"
NA,0,"Br5Cl3"
NA,0,"Br5Cl3"
NA,0,"Br5Cl3"
NA,0,"Br5Cl4"
NA,0,"Br5Cl4"
NA,0,"Br5Cl4"
NA,0,"Br5Cl4"
681.49,4.15,"Br5Cl4"
682.49,0.59,"Br5Cl4"
683.49,23.58,"Br5Cl4"
684.49,3.22,"Br5Cl4"
685.49,68.29,"Br5Cl4"
686.49,9.27,"Br5Cl4"
687.48,100,"Br5Cl4"
688.49,13.42,"Br5Cl4"
689.48,94.79,"Br5Cl4"
690.48,12.32,"Br5Cl4"
691.48,55.93,"Br5Cl4"
692.48,7.49,"Br5Cl4"
693.48,21.34,"Br5Cl4"
694.48,3.22,"Br5Cl4"
695.47,4.06,"Br5Cl4"
696.48,0.76,"Br5Cl4"
697.47,0.8,"Br5Cl4"
698.47,0.13,"Br5Cl4"
NA,0,"Br5Cl4"
NA,0,"Br5Cl4"
NA,0,"Br5Cl5"
NA,0,"Br5Cl5"
715.45,2.95,"Br5Cl5"
716.45,0.45,"Br5Cl5"
717.45,20.2,"Br5Cl5"
718.45,2.68,"Br5Cl5"
719.45,62.33,"Br5Cl5"
720.45,7.15,"Br5Cl5"
721.44,97.36,"Br5Cl5"
722.45,12.82,"Br5Cl5"
723.44,100,"Br5Cl5"
724.45,13.99,"Br5Cl5"
725.44,68.54,"Br5Cl5"
726.44,9.03,"Br5Cl5"
727.44,31.68,"Br5Cl5"
728.44,3.49,"Br5Cl5"
729.44,10.32,"Br5Cl5"
730.44,1.47,"Br5Cl5"
731.43,2.06,"Br5Cl5"
732.43,0.09,"Br5Cl5"
733.43,0.13,"Br5Cl5"
734.43,0.09,"Br5Cl5"
NA,0,"Br5Cl5"
NA,0,"Br5Cl5"
